{
  "model_info": {
    "name": "KNN_Titanic_Classifier",
    "type": "KNeighborsClassifier",
    "parameters": {
      "algorithm": "auto",
      "leaf_size": 30,
      "metric": "euclidean",
      "metric_params": null,
      "n_jobs": null,
      "n_neighbors": 12,
      "p": 2,
      "weights": "uniform"
    },
    "evaluation_date": "2025-09-09T06:00:54.581331"
  },
  "data_info": {
    "train_samples": 712,
    "test_samples": 179,
    "num_features": 8,
    "num_classes": 2,
    "class_names": [
      "No Sobrevivió",
      "Sobrevivió"
    ],
    "feature_names": [
      "Pclass",
      "Age",
      "SibSp",
      "Parch",
      "Fare",
      "Sex_male",
      "Embarked_Q",
      "Embarked_S"
    ]
  },
  "performance_metrics": {
    "train_metrics": {
      "accuracy": 0.8286516853932584,
      "balanced_accuracy": 0.7980258162490508,
      "precision": 0.8317549008445757,
      "recall": 0.8286516853932584,
      "f1_score": 0.8235548522177177
    },
    "test_metrics": {
      "accuracy": 0.8212290502793296,
      "balanced_accuracy": 0.787022397891963,
      "precision": 0.8270672444955636,
      "recall": 0.8212290502793296,
      "f1_score": 0.81458147504812
    },
    "advanced_metrics": {
      "cohen_kappa": 0.6033790333748787,
      "matthews_corrcoef": 0.6189799749918868
    },
    "overfitting_score": 0.007422635113928822
  },
  "detailed_analysis": {
    "per_class_metrics": [
      {
        "Class": "No Sobrevivió",
        "Precision": 0.8046875,
        "Recall": 0.9363636363636364,
        "F1-Score": 0.865546218487395,
        "Support": 110
      },
      {
        "Class": "Sobrevivió",
        "Precision": 0.8627450980392157,
        "Recall": 0.6376811594202898,
        "F1-Score": 0.7333333333333333,
        "Support": 69
      }
    ],
    "confusion_matrix_analysis": {
      "confusion_matrix": [
        [
          103,
          7
        ],
        [
          25,
          44
        ]
      ],
      "confusion_matrix_normalized_by_true": [
        [
          0.9363636363636364,
          0.06363636363636363
        ],
        [
          0.36231884057971014,
          0.6376811594202898
        ]
      ],
      "confusion_matrix_normalized_by_pred": [
        [
          0.8046875,
          0.13725490196078433
        ],
        [
          0.1953125,
          0.8627450980392157
        ]
      ],
      "confusion_matrix_normalized_overall": [
        [
          0.5754189944134078,
          0.03910614525139665
        ],
        [
          0.13966480446927373,
          0.24581005586592178
        ]
      ],
      "total_samples": 179,
      "correct_predictions": 147,
      "incorrect_predictions": 32,
      "error_rate": 0.1787709497206704,
      "class_distribution": [
        110,
        69
      ],
      "prediction_distribution": [
        128,
        51
      ]
    },
    "error_analysis": {
      "per_class_errors": {
        "No Sobrevivió": {
          "true_instances": 110,
          "correct_predictions": 103,
          "false_negatives": 7,
          "false_positives": 25,
          "accuracy_for_class": 0.9363636363636364
        },
        "Sobrevivió": {
          "true_instances": 69,
          "correct_predictions": 44,
          "false_negatives": 25,
          "false_positives": 7,
          "accuracy_for_class": 0.6376811594202898
        }
      },
      "most_common_confusions": [
        {
          "true_class": "Sobrevivió",
          "predicted_class": "No Sobrevivió",
          "count": 25,
          "percentage": 36.231884057971016
        },
        {
          "true_class": "No Sobrevivió",
          "predicted_class": "Sobrevivió",
          "count": 7,
          "percentage": 6.363636363636363
        }
      ],
      "total_errors": 32,
      "error_rate": 0.1787709497206704
    },
    "cross_validation": {
      "accuracy": {
        "mean": 0.8203191175022161,
        "std": 0.03288234013610704,
        "min": 0.7762237762237763,
        "max": 0.8732394366197183,
        "scores": [
          0.7972027972027972,
          0.7762237762237763,
          0.8732394366197183,
          0.8309859154929577,
          0.823943661971831
        ]
      },
      "precision_weighted": {
        "mean": 0.8253246410469968,
        "std": 0.027140015298727043,
        "min": 0.7958487053063477,
        "max": 0.873517603315747,
        "scores": [
          0.7958487053063477,
          0.8036669924147238,
          0.873517603315747,
          0.8298059634402157,
          0.8237839407579498
        ]
      },
      "recall_weighted": {
        "mean": 0.8203191175022161,
        "std": 0.03288234013610704,
        "min": 0.7762237762237763,
        "max": 0.8732394366197183,
        "scores": [
          0.7972027972027972,
          0.7762237762237763,
          0.8732394366197183,
          0.8309859154929577,
          0.823943661971831
        ]
      },
      "f1_weighted": {
        "mean": 0.8139626669942812,
        "std": 0.03843998385839479,
        "min": 0.755993181735756,
        "max": 0.8716955579631636,
        "scores": [
          0.7931001831991932,
          0.755993181735756,
          0.8716955579631636,
          0.8288008594553747,
          0.8202235526179188
        ]
      }
    }
  },
  "feature_analysis": {
    "feature_importance": {
      "Pclass": 0.11872909698996653,
      "Age": 0.10702341137123748,
      "SibSp": 0.12709030100334454,
      "Parch": 0.07692307692307679,
      "Fare": 0.045150501672240675,
      "Sex_male": 0.49832775919732475,
      "Embarked_Q": 0.011705685618729044,
      "Embarked_S": 0.015050167224080147
    }
  }
}