{
  "model_info": {
    "name": "DecisionTree_Coffee_Shop_Classifier",
    "type": "DecisionTreeClassifierCustom",
    "parameters": {
      "ccp_alpha": 0.0,
      "class_weight": "balanced",
      "criterion": "entropy",
      "max_depth": 10,
      "max_features": "sqrt",
      "max_leaf_nodes": null,
      "min_impurity_decrease": 0.0,
      "min_samples_leaf": 1,
      "min_samples_split": 2,
      "min_weight_fraction_leaf": 0.0,
      "monotonic_cst": null,
      "random_state": 42,
      "splitter": "best"
    },
    "evaluation_date": "2025-09-17T11:41:10.491959"
  },
  "data_info": {
    "train_samples": 1600,
    "test_samples": 400,
    "num_features": 6,
    "num_classes": 2,
    "class_names": [
      "No Exitosa",
      "Exitosa"
    ],
    "feature_names": [
      "Number_of_Customers_Per_Day",
      "Average_Order_Value",
      "Operating_Hours_Per_Day",
      "Number_of_Employees",
      "Marketing_Spend_Per_Day",
      "Location_Foot_Traffic"
    ]
  },
  "performance_metrics": {
    "train_metrics": {
      "accuracy": 0.954375,
      "balanced_accuracy": 0.9606407333777274,
      "precision": 0.9581175368002732,
      "recall": 0.954375,
      "f1_score": 0.9546557110883281
    },
    "test_metrics": {
      "accuracy": 0.855,
      "balanced_accuracy": 0.8604108309990663,
      "precision": 0.8623731884057971,
      "recall": 0.855,
      "f1_score": 0.8560966107305645,
      "auc_roc": 0.8859580869384791,
      "average_precision": 0.8021569714124008
    },
    "advanced_metrics": {
      "cohen_kappa": 0.7055239642567019,
      "matthews_corrcoef": 0.7099667801108817
    },
    "overfitting_score": 0.09937499999999999
  },
  "detailed_analysis": {
    "per_class_metrics": [
      {
        "Class": "No Exitosa",
        "Precision": 0.9166666666666666,
        "Recall": 0.8319327731092437,
        "F1-Score": 0.8722466960352423,
        "Support": 238
      },
      {
        "Class": "Exitosa",
        "Precision": 0.782608695652174,
        "Recall": 0.8888888888888888,
        "F1-Score": 0.8323699421965318,
        "Support": 162
      }
    ],
    "confusion_matrix_analysis": {
      "confusion_matrix": [
        [
          198,
          40
        ],
        [
          18,
          144
        ]
      ],
      "confusion_matrix_normalized_by_true": [
        [
          0.8319327731092437,
          0.16806722689075632
        ],
        [
          0.1111111111111111,
          0.8888888888888888
        ]
      ],
      "confusion_matrix_normalized_by_pred": [
        [
          0.9166666666666666,
          0.21739130434782608
        ],
        [
          0.08333333333333333,
          0.782608695652174
        ]
      ],
      "confusion_matrix_normalized_overall": [
        [
          0.495,
          0.1
        ],
        [
          0.045,
          0.36
        ]
      ],
      "total_samples": 400,
      "correct_predictions": 342,
      "incorrect_predictions": 58,
      "error_rate": 0.145,
      "class_distribution": [
        238,
        162
      ],
      "prediction_distribution": [
        216,
        184
      ]
    },
    "error_analysis": {
      "per_class_errors": {
        "No Exitosa": {
          "true_instances": 238,
          "correct_predictions": 198,
          "false_negatives": 40,
          "false_positives": 18,
          "accuracy_for_class": 0.8319327731092437
        },
        "Exitosa": {
          "true_instances": 162,
          "correct_predictions": 144,
          "false_negatives": 18,
          "false_positives": 40,
          "accuracy_for_class": 0.8888888888888888
        }
      },
      "most_common_confusions": [
        {
          "true_class": "No Exitosa",
          "predicted_class": "Exitosa",
          "count": 40,
          "percentage": 16.80672268907563
        },
        {
          "true_class": "Exitosa",
          "predicted_class": "No Exitosa",
          "count": 18,
          "percentage": 11.11111111111111
        }
      ],
      "total_errors": 58,
      "error_rate": 0.145
    },
    "cross_validation": {
      "accuracy": {
        "mean": 0.8568749999999999,
        "std": 0.017275343701356565,
        "min": 0.83125,
        "max": 0.884375,
        "scores": [
          0.85625,
          0.85,
          0.884375,
          0.83125,
          0.8625
        ]
      },
      "precision_weighted": {
        "mean": 0.8595648337981718,
        "std": 0.016231240892088338,
        "min": 0.8334774094002215,
        "max": 0.8845997126195672,
        "scores": [
          0.8583836027576369,
          0.8589386143352877,
          0.8845997126195672,
          0.8334774094002215,
          0.8624248298781453
        ]
      },
      "recall_weighted": {
        "mean": 0.8568749999999999,
        "std": 0.017275343701356565,
        "min": 0.83125,
        "max": 0.884375,
        "scores": [
          0.85625,
          0.85,
          0.884375,
          0.83125,
          0.8625
        ]
      },
      "f1_weighted": {
        "mean": 0.8574362447155487,
        "std": 0.016988032580934686,
        "min": 0.8318412565695175,
        "max": 0.8844782637247176,
        "scores": [
          0.8567775018946193,
          0.8517578125,
          0.8844782637247176,
          0.8318412565695175,
          0.8623263888888889
        ]
      }
    }
  },
  "feature_analysis": {
    "feature_importance": {
      "Number_of_Customers_Per_Day": 0.5879365079365079,
      "Average_Order_Value": 0.3504761904761905,
      "Operating_Hours_Per_Day": 0.0,
      "Number_of_Employees": 0.0,
      "Marketing_Spend_Per_Day": 0.06158730158730158,
      "Location_Foot_Traffic": 0.0
    }
  }
}